<?xml version="1.0" encoding="UTF-8"?>
<root>
  <item name="com.pspdfkit.annotations.FileAnnotation void setIconName(java.lang.String) 0">
    <annotation name="androidx.annotation.StringDef">
      <val name="value" val="{com.pspdfkit.annotations.FileAnnotation.PUSH_PIN, com.pspdfkit.annotations.FileAnnotation.PAPERCLIP, com.pspdfkit.annotations.FileAnnotation.GRAPH, com.pspdfkit.annotations.FileAnnotation.TAG}" />
    </annotation>
  </item>
  <item name="com.pspdfkit.annotations.FileAnnotation.IconName">
    <annotation name="androidx.annotation.StringDef">
      <val name="value" val="{com.pspdfkit.annotations.FileAnnotation.PUSH_PIN, com.pspdfkit.annotations.FileAnnotation.PAPERCLIP, com.pspdfkit.annotations.FileAnnotation.GRAPH, com.pspdfkit.annotations.FileAnnotation.TAG}" />
    </annotation>
  </item>
  <item name="com.pspdfkit.annotations.NoteAnnotation void setIconName(java.lang.String) 0">
    <annotation name="androidx.annotation.StringDef">
      <val name="value" val="{com.pspdfkit.annotations.NoteAnnotation.COMMENT, com.pspdfkit.annotations.NoteAnnotation.RIGHT_POINTER, com.pspdfkit.annotations.NoteAnnotation.RIGHT_ARROW, com.pspdfkit.annotations.NoteAnnotation.CHECK, com.pspdfkit.annotations.NoteAnnotation.CIRCLE, com.pspdfkit.annotations.NoteAnnotation.CROSS, com.pspdfkit.annotations.NoteAnnotation.INSERT, com.pspdfkit.annotations.NoteAnnotation.NEW_PARAGRAPH, com.pspdfkit.annotations.NoteAnnotation.NOTE, com.pspdfkit.annotations.NoteAnnotation.PARAGRAPH, com.pspdfkit.annotations.NoteAnnotation.HELP, com.pspdfkit.annotations.NoteAnnotation.STAR, com.pspdfkit.annotations.NoteAnnotation.KEY}" />
    </annotation>
  </item>
  <item name="com.pspdfkit.annotations.NoteAnnotation.IconName">
    <annotation name="androidx.annotation.StringDef">
      <val name="value" val="{com.pspdfkit.annotations.NoteAnnotation.COMMENT, com.pspdfkit.annotations.NoteAnnotation.RIGHT_POINTER, com.pspdfkit.annotations.NoteAnnotation.RIGHT_ARROW, com.pspdfkit.annotations.NoteAnnotation.CHECK, com.pspdfkit.annotations.NoteAnnotation.CIRCLE, com.pspdfkit.annotations.NoteAnnotation.CROSS, com.pspdfkit.annotations.NoteAnnotation.INSERT, com.pspdfkit.annotations.NoteAnnotation.NEW_PARAGRAPH, com.pspdfkit.annotations.NoteAnnotation.NOTE, com.pspdfkit.annotations.NoteAnnotation.PARAGRAPH, com.pspdfkit.annotations.NoteAnnotation.HELP, com.pspdfkit.annotations.NoteAnnotation.STAR, com.pspdfkit.annotations.NoteAnnotation.KEY}" />
    </annotation>
  </item>
  <item name="com.pspdfkit.annotations.SoundAnnotation java.lang.String getIconName()">
    <annotation name="androidx.annotation.StringDef">
      <val name="value" val="{com.pspdfkit.annotations.SoundAnnotation.ICON_NAME_SPEAKER, com.pspdfkit.annotations.SoundAnnotation.ICON_NAME_MIC}" />
    </annotation>
  </item>
  <item name="com.pspdfkit.annotations.SoundAnnotation void setIconName(java.lang.String) 0">
    <annotation name="androidx.annotation.StringDef">
      <val name="value" val="{com.pspdfkit.annotations.SoundAnnotation.ICON_NAME_SPEAKER, com.pspdfkit.annotations.SoundAnnotation.ICON_NAME_MIC}" />
    </annotation>
  </item>
  <item name="com.pspdfkit.annotations.SoundAnnotation.IconName">
    <annotation name="androidx.annotation.StringDef">
      <val name="value" val="{com.pspdfkit.annotations.SoundAnnotation.ICON_NAME_SPEAKER, com.pspdfkit.annotations.SoundAnnotation.ICON_NAME_MIC}" />
    </annotation>
  </item>
</root>

