<?xml version="1.0" encoding="UTF-8"?>
<root>
  <item name="com.pspdfkit.document.OutlineElement OutlineElement(java.lang.String, int, int, boolean, com.pspdfkit.annotations.actions.Action, java.lang.String, java.util.List&lt;com.pspdfkit.document.OutlineElement&gt;) 2">
    <annotation name="androidx.annotation.IntDef">
      <val name="value" val="{android.graphics.Typeface.NORMAL, android.graphics.Typeface.ITALIC, android.graphics.Typeface.BOLD_ITALIC, android.graphics.Typeface.BOLD}" />
    </annotation>
  </item>
  <item name="com.pspdfkit.document.OutlineElement int getStyle()">
    <annotation name="androidx.annotation.IntDef">
      <val name="value" val="{android.graphics.Typeface.NORMAL, android.graphics.Typeface.ITALIC, android.graphics.Typeface.BOLD_ITALIC, android.graphics.Typeface.BOLD}" />
    </annotation>
  </item>
  <item name="com.pspdfkit.document.OutlineElement style">
    <annotation name="androidx.annotation.IntDef">
      <val name="value" val="{android.graphics.Typeface.NORMAL, android.graphics.Typeface.ITALIC, android.graphics.Typeface.BOLD_ITALIC, android.graphics.Typeface.BOLD}" />
    </annotation>
  </item>
  <item name="com.pspdfkit.document.OutlineElement.Builder com.pspdfkit.document.OutlineElement.Builder setStyle(int) 0">
    <annotation name="androidx.annotation.IntDef">
      <val name="value" val="{android.graphics.Typeface.NORMAL, android.graphics.Typeface.ITALIC, android.graphics.Typeface.BOLD_ITALIC, android.graphics.Typeface.BOLD}" />
    </annotation>
  </item>
  <item name="com.pspdfkit.document.OutlineElement.Builder style">
    <annotation name="androidx.annotation.IntDef">
      <val name="value" val="{android.graphics.Typeface.NORMAL, android.graphics.Typeface.ITALIC, android.graphics.Typeface.BOLD_ITALIC, android.graphics.Typeface.BOLD}" />
    </annotation>
  </item>
  <item name="com.pspdfkit.document.OutlineElement.OutlineElementStyle">
    <annotation name="androidx.annotation.IntDef">
      <val name="value" val="{android.graphics.Typeface.NORMAL, android.graphics.Typeface.ITALIC, android.graphics.Typeface.BOLD_ITALIC, android.graphics.Typeface.BOLD}" />
    </annotation>
  </item>
  <item name="com.pspdfkit.document.PdfDocument int getPageRotation(int)">
    <annotation name="androidx.annotation.IntDef">
      <val name="value" val="{com.pspdfkit.document.PdfDocument.NO_ROTATION, com.pspdfkit.document.PdfDocument.ROTATION_90, com.pspdfkit.document.PdfDocument.ROTATION_180, com.pspdfkit.document.PdfDocument.ROTATION_270}" />
    </annotation>
  </item>
  <item name="com.pspdfkit.document.PdfDocument int getRotationOffset(int)">
    <annotation name="androidx.annotation.IntDef">
      <val name="value" val="{com.pspdfkit.document.PdfDocument.NO_ROTATION, com.pspdfkit.document.PdfDocument.ROTATION_90, com.pspdfkit.document.PdfDocument.ROTATION_180, com.pspdfkit.document.PdfDocument.ROTATION_270}" />
    </annotation>
  </item>
  <item name="com.pspdfkit.document.PdfDocument void setRotationOffset(int, int) 0">
    <annotation name="androidx.annotation.IntDef">
      <val name="value" val="{com.pspdfkit.document.PdfDocument.NO_ROTATION, com.pspdfkit.document.PdfDocument.ROTATION_90, com.pspdfkit.document.PdfDocument.ROTATION_180, com.pspdfkit.document.PdfDocument.ROTATION_270}" />
    </annotation>
  </item>
  <item name="com.pspdfkit.document.PdfDocument.PageRotation">
    <annotation name="androidx.annotation.IntDef">
      <val name="value" val="{com.pspdfkit.document.PdfDocument.NO_ROTATION, com.pspdfkit.document.PdfDocument.ROTATION_90, com.pspdfkit.document.PdfDocument.ROTATION_180, com.pspdfkit.document.PdfDocument.ROTATION_270}" />
    </annotation>
  </item>
</root>

