<?xml version="1.0" encoding="UTF-8"?>
<root>
  <item name="com.pspdfkit.framework.annotations.note.adapter.item.NoteEditorAnnotationContentCard iconName">
    <annotation name="androidx.annotation.StringDef">
      <val name="value" val="{com.pspdfkit.annotations.NoteAnnotation.COMMENT, com.pspdfkit.annotations.NoteAnnotation.RIGHT_POINTER, com.pspdfkit.annotations.NoteAnnotation.RIGHT_ARROW, com.pspdfkit.annotations.NoteAnnotation.CHECK, com.pspdfkit.annotations.NoteAnnotation.CIRCLE, com.pspdfkit.annotations.NoteAnnotation.CROSS, com.pspdfkit.annotations.NoteAnnotation.INSERT, com.pspdfkit.annotations.NoteAnnotation.NEW_PARAGRAPH, com.pspdfkit.annotations.NoteAnnotation.NOTE, com.pspdfkit.annotations.NoteAnnotation.PARAGRAPH, com.pspdfkit.annotations.NoteAnnotation.HELP, com.pspdfkit.annotations.NoteAnnotation.STAR, com.pspdfkit.annotations.NoteAnnotation.KEY}" />
    </annotation>
  </item>
  <item name="com.pspdfkit.framework.annotations.note.adapter.item.NoteEditorAnnotationContentCard java.lang.String getIconName()">
    <annotation name="androidx.annotation.StringDef">
      <val name="value" val="{com.pspdfkit.annotations.NoteAnnotation.COMMENT, com.pspdfkit.annotations.NoteAnnotation.RIGHT_POINTER, com.pspdfkit.annotations.NoteAnnotation.RIGHT_ARROW, com.pspdfkit.annotations.NoteAnnotation.CHECK, com.pspdfkit.annotations.NoteAnnotation.CIRCLE, com.pspdfkit.annotations.NoteAnnotation.CROSS, com.pspdfkit.annotations.NoteAnnotation.INSERT, com.pspdfkit.annotations.NoteAnnotation.NEW_PARAGRAPH, com.pspdfkit.annotations.NoteAnnotation.NOTE, com.pspdfkit.annotations.NoteAnnotation.PARAGRAPH, com.pspdfkit.annotations.NoteAnnotation.HELP, com.pspdfkit.annotations.NoteAnnotation.STAR, com.pspdfkit.annotations.NoteAnnotation.KEY}" />
    </annotation>
  </item>
  <item name="com.pspdfkit.framework.annotations.note.adapter.item.NoteEditorAnnotationContentCard void setIconName(java.lang.String) 0">
    <annotation name="androidx.annotation.StringDef">
      <val name="value" val="{com.pspdfkit.annotations.NoteAnnotation.COMMENT, com.pspdfkit.annotations.NoteAnnotation.RIGHT_POINTER, com.pspdfkit.annotations.NoteAnnotation.RIGHT_ARROW, com.pspdfkit.annotations.NoteAnnotation.CHECK, com.pspdfkit.annotations.NoteAnnotation.CIRCLE, com.pspdfkit.annotations.NoteAnnotation.CROSS, com.pspdfkit.annotations.NoteAnnotation.INSERT, com.pspdfkit.annotations.NoteAnnotation.NEW_PARAGRAPH, com.pspdfkit.annotations.NoteAnnotation.NOTE, com.pspdfkit.annotations.NoteAnnotation.PARAGRAPH, com.pspdfkit.annotations.NoteAnnotation.HELP, com.pspdfkit.annotations.NoteAnnotation.STAR, com.pspdfkit.annotations.NoteAnnotation.KEY}" />
    </annotation>
  </item>
  <item name="com.pspdfkit.framework.annotations.note.adapter.item.NoteEditorStyleBoxCardItem iconItems">
    <annotation name="androidx.annotation.StringDef">
      <val name="value" val="{com.pspdfkit.annotations.NoteAnnotation.COMMENT, com.pspdfkit.annotations.NoteAnnotation.RIGHT_POINTER, com.pspdfkit.annotations.NoteAnnotation.RIGHT_ARROW, com.pspdfkit.annotations.NoteAnnotation.CHECK, com.pspdfkit.annotations.NoteAnnotation.CIRCLE, com.pspdfkit.annotations.NoteAnnotation.CROSS, com.pspdfkit.annotations.NoteAnnotation.INSERT, com.pspdfkit.annotations.NoteAnnotation.NEW_PARAGRAPH, com.pspdfkit.annotations.NoteAnnotation.NOTE, com.pspdfkit.annotations.NoteAnnotation.PARAGRAPH, com.pspdfkit.annotations.NoteAnnotation.HELP, com.pspdfkit.annotations.NoteAnnotation.STAR, com.pspdfkit.annotations.NoteAnnotation.KEY}" />
    </annotation>
  </item>
  <item name="com.pspdfkit.framework.annotations.note.adapter.item.NoteEditorStyleBoxCardItem java.util.List&lt;java.lang.String&gt; getPickerIcons()">
    <annotation name="androidx.annotation.StringDef">
      <val name="value" val="{com.pspdfkit.annotations.NoteAnnotation.COMMENT, com.pspdfkit.annotations.NoteAnnotation.RIGHT_POINTER, com.pspdfkit.annotations.NoteAnnotation.RIGHT_ARROW, com.pspdfkit.annotations.NoteAnnotation.CHECK, com.pspdfkit.annotations.NoteAnnotation.CIRCLE, com.pspdfkit.annotations.NoteAnnotation.CROSS, com.pspdfkit.annotations.NoteAnnotation.INSERT, com.pspdfkit.annotations.NoteAnnotation.NEW_PARAGRAPH, com.pspdfkit.annotations.NoteAnnotation.NOTE, com.pspdfkit.annotations.NoteAnnotation.PARAGRAPH, com.pspdfkit.annotations.NoteAnnotation.HELP, com.pspdfkit.annotations.NoteAnnotation.STAR, com.pspdfkit.annotations.NoteAnnotation.KEY}" />
    </annotation>
  </item>
  <item name="com.pspdfkit.framework.annotations.note.adapter.item.NoteEditorStyleBoxCardItem selectedIconItem">
    <annotation name="androidx.annotation.StringDef">
      <val name="value" val="{com.pspdfkit.annotations.NoteAnnotation.COMMENT, com.pspdfkit.annotations.NoteAnnotation.RIGHT_POINTER, com.pspdfkit.annotations.NoteAnnotation.RIGHT_ARROW, com.pspdfkit.annotations.NoteAnnotation.CHECK, com.pspdfkit.annotations.NoteAnnotation.CIRCLE, com.pspdfkit.annotations.NoteAnnotation.CROSS, com.pspdfkit.annotations.NoteAnnotation.INSERT, com.pspdfkit.annotations.NoteAnnotation.NEW_PARAGRAPH, com.pspdfkit.annotations.NoteAnnotation.NOTE, com.pspdfkit.annotations.NoteAnnotation.PARAGRAPH, com.pspdfkit.annotations.NoteAnnotation.HELP, com.pspdfkit.annotations.NoteAnnotation.STAR, com.pspdfkit.annotations.NoteAnnotation.KEY}" />
    </annotation>
  </item>
  <item name="com.pspdfkit.framework.annotations.note.adapter.item.NoteEditorStyleBoxCardItem void setPickerIcons(java.util.List&lt;java.lang.String&gt;) 0">
    <annotation name="androidx.annotation.StringDef">
      <val name="value" val="{com.pspdfkit.annotations.NoteAnnotation.COMMENT, com.pspdfkit.annotations.NoteAnnotation.RIGHT_POINTER, com.pspdfkit.annotations.NoteAnnotation.RIGHT_ARROW, com.pspdfkit.annotations.NoteAnnotation.CHECK, com.pspdfkit.annotations.NoteAnnotation.CIRCLE, com.pspdfkit.annotations.NoteAnnotation.CROSS, com.pspdfkit.annotations.NoteAnnotation.INSERT, com.pspdfkit.annotations.NoteAnnotation.NEW_PARAGRAPH, com.pspdfkit.annotations.NoteAnnotation.NOTE, com.pspdfkit.annotations.NoteAnnotation.PARAGRAPH, com.pspdfkit.annotations.NoteAnnotation.HELP, com.pspdfkit.annotations.NoteAnnotation.STAR, com.pspdfkit.annotations.NoteAnnotation.KEY}" />
    </annotation>
  </item>
</root>

