<?xml version="1.0" encoding="UTF-8"?>
<root>
  <item name="com.pspdfkit.internal.core.NativeConverters int degreesToNativeRotation(int)">
    <annotation name="androidx.annotation.IntDef">
      <val name="value" val="{com.pspdfkit.internal.model.InternalPdfDocument.INTERNAL_NO_ROTATION, com.pspdfkit.internal.model.InternalPdfDocument.INTERNAL_ROTATION_90, com.pspdfkit.internal.model.InternalPdfDocument.INTERNAL_ROTATION_180, com.pspdfkit.internal.model.InternalPdfDocument.INTERNAL_ROTATION_270}" />
    </annotation>
  </item>
  <item name="com.pspdfkit.internal.core.NativeConverters int degreesToNativeRotation(int) 0">
    <annotation name="androidx.annotation.IntDef">
      <val name="value" val="{com.pspdfkit.document.PdfDocument.NO_ROTATION, com.pspdfkit.document.PdfDocument.ROTATION_90, com.pspdfkit.document.PdfDocument.ROTATION_180, com.pspdfkit.document.PdfDocument.ROTATION_270}" />
    </annotation>
  </item>
  <item name="com.pspdfkit.internal.core.NativeConverters int nativeRotationToDegrees(int)">
    <annotation name="androidx.annotation.IntDef">
      <val name="value" val="{com.pspdfkit.document.PdfDocument.NO_ROTATION, com.pspdfkit.document.PdfDocument.ROTATION_90, com.pspdfkit.document.PdfDocument.ROTATION_180, com.pspdfkit.document.PdfDocument.ROTATION_270}" />
    </annotation>
  </item>
  <item name="com.pspdfkit.internal.core.NativeConverters int nativeRotationToDegrees(int) 0">
    <annotation name="androidx.annotation.IntDef">
      <val name="value" val="{com.pspdfkit.internal.model.InternalPdfDocument.INTERNAL_NO_ROTATION, com.pspdfkit.internal.model.InternalPdfDocument.INTERNAL_ROTATION_90, com.pspdfkit.internal.model.InternalPdfDocument.INTERNAL_ROTATION_180, com.pspdfkit.internal.model.InternalPdfDocument.INTERNAL_ROTATION_270}" />
    </annotation>
  </item>
  <item name="com.pspdfkit.internal.core.NativeConverters java.lang.String tokenizerToNativeTokenizer(java.lang.String) 0">
    <annotation name="androidx.annotation.StringDef">
      <val name="value" val="{com.pspdfkit.document.library.PdfLibrary.PORTER_TOKENIZER, com.pspdfkit.document.library.PdfLibrary.UNICODE_TOKENIZER}" />
    </annotation>
  </item>
</root>

