<?xml version="1.0" encoding="UTF-8"?>
<root>
  <item name="com.pspdfkit.internal.utilities.PresentationUtils int getNoteAnnotationIconDisplayNameRes(java.lang.String) 0">
    <annotation name="androidx.annotation.StringDef">
      <val name="value" val="{com.pspdfkit.annotations.NoteAnnotation.COMMENT, com.pspdfkit.annotations.NoteAnnotation.RIGHT_POINTER, com.pspdfkit.annotations.NoteAnnotation.RIGHT_ARROW, com.pspdfkit.annotations.NoteAnnotation.CHECK, com.pspdfkit.annotations.NoteAnnotation.CIRCLE, com.pspdfkit.annotations.NoteAnnotation.CROSS, com.pspdfkit.annotations.NoteAnnotation.INSERT, com.pspdfkit.annotations.NoteAnnotation.NEW_PARAGRAPH, com.pspdfkit.annotations.NoteAnnotation.NOTE, com.pspdfkit.annotations.NoteAnnotation.PARAGRAPH, com.pspdfkit.annotations.NoteAnnotation.HELP, com.pspdfkit.annotations.NoteAnnotation.STAR, com.pspdfkit.annotations.NoteAnnotation.KEY}" />
    </annotation>
  </item>
  <item name="com.pspdfkit.internal.utilities.Threading io.reactivex.Scheduler getBackgroundScheduler(int) 0">
    <annotation name="androidx.annotation.IntDef">
      <val name="value" val="{com.pspdfkit.internal.utilities.threading.PriorityScheduler.PRIORITY_HIGHER, com.pspdfkit.internal.utilities.threading.PriorityScheduler.PRIORITY_HIGH, com.pspdfkit.internal.utilities.threading.PriorityScheduler.PRIORITY_NORMAL, com.pspdfkit.internal.utilities.threading.PriorityScheduler.PRIORITY_LOW, com.pspdfkit.internal.utilities.threading.PriorityScheduler.PRIORITY_BACKGROUND}" />
    </annotation>
  </item>
  <item name="com.pspdfkit.internal.utilities.Threading io.reactivex.Scheduler getIoScheduler(int) 0">
    <annotation name="androidx.annotation.IntDef">
      <val name="value" val="{com.pspdfkit.internal.utilities.threading.PriorityScheduler.PRIORITY_HIGHER, com.pspdfkit.internal.utilities.threading.PriorityScheduler.PRIORITY_HIGH, com.pspdfkit.internal.utilities.threading.PriorityScheduler.PRIORITY_NORMAL, com.pspdfkit.internal.utilities.threading.PriorityScheduler.PRIORITY_LOW, com.pspdfkit.internal.utilities.threading.PriorityScheduler.PRIORITY_BACKGROUND}" />
    </annotation>
  </item>
</root>

