<?xml version="1.0" encoding="UTF-8"?>
<root>
  <item name="com.pspdfkit.utils.LogCatLogger void log(int, java.lang.String, java.lang.String, java.lang.Throwable) 0">
    <annotation name="androidx.annotation.IntDef">
      <val name="value" val="{android.util.Log.VERBOSE, android.util.Log.DEBUG, android.util.Log.INFO, android.util.Log.WARN, android.util.Log.ERROR, android.util.Log.ASSERT}" />
    </annotation>
  </item>
  <item name="com.pspdfkit.utils.PdfLog void log(int, java.lang.String, java.lang.Throwable, java.lang.String, java.lang.Object...) 0">
    <annotation name="androidx.annotation.IntDef">
      <val name="value" val="{android.util.Log.VERBOSE, android.util.Log.DEBUG, android.util.Log.INFO, android.util.Log.WARN, android.util.Log.ERROR, android.util.Log.ASSERT}" />
    </annotation>
  </item>
  <item name="com.pspdfkit.utils.PdfLog void log(int, java.lang.String, java.lang.Throwable, java.util.concurrent.Callable&lt;java.lang.String&gt;) 0">
    <annotation name="androidx.annotation.IntDef">
      <val name="value" val="{android.util.Log.VERBOSE, android.util.Log.DEBUG, android.util.Log.INFO, android.util.Log.WARN, android.util.Log.ERROR, android.util.Log.ASSERT}" />
    </annotation>
  </item>
  <item name="com.pspdfkit.utils.PdfLog.LogPriority">
    <annotation name="androidx.annotation.IntDef">
      <val name="value" val="{android.util.Log.VERBOSE, android.util.Log.DEBUG, android.util.Log.INFO, android.util.Log.WARN, android.util.Log.ERROR, android.util.Log.ASSERT}" />
    </annotation>
  </item>
  <item name="com.pspdfkit.utils.PdfLog.Logger boolean isLogged(int, java.lang.String) 0">
    <annotation name="androidx.annotation.IntDef">
      <val name="value" val="{android.util.Log.VERBOSE, android.util.Log.DEBUG, android.util.Log.INFO, android.util.Log.WARN, android.util.Log.ERROR, android.util.Log.ASSERT}" />
    </annotation>
  </item>
  <item name="com.pspdfkit.utils.PdfLog.Logger void log(int, java.lang.String, java.lang.String, java.lang.Throwable) 0">
    <annotation name="androidx.annotation.IntDef">
      <val name="value" val="{android.util.Log.VERBOSE, android.util.Log.DEBUG, android.util.Log.INFO, android.util.Log.WARN, android.util.Log.ERROR, android.util.Log.ASSERT}" />
    </annotation>
  </item>
</root>

