<?xml version="1.0" encoding="UTF-8"?>
<root>
  <item name="com.pspdfkit.framework.rendering.options.BaseRenderOptions priority">
    <annotation name="androidx.annotation.IntDef">
      <val name="value" val="{com.pspdfkit.framework.utilities.threading.PriorityScheduler.PRIORITY_HIGHER, com.pspdfkit.framework.utilities.threading.PriorityScheduler.PRIORITY_HIGH, com.pspdfkit.framework.utilities.threading.PriorityScheduler.PRIORITY_NORMAL, com.pspdfkit.framework.utilities.threading.PriorityScheduler.PRIORITY_LOW, com.pspdfkit.framework.utilities.threading.PriorityScheduler.PRIORITY_BACKGROUND}" />
    </annotation>
  </item>
  <item name="com.pspdfkit.framework.rendering.options.BaseRenderOptions.Builder B priority(int) 0">
    <annotation name="androidx.annotation.IntDef">
      <val name="value" val="{com.pspdfkit.framework.utilities.threading.PriorityScheduler.PRIORITY_HIGHER, com.pspdfkit.framework.utilities.threading.PriorityScheduler.PRIORITY_HIGH, com.pspdfkit.framework.utilities.threading.PriorityScheduler.PRIORITY_NORMAL, com.pspdfkit.framework.utilities.threading.PriorityScheduler.PRIORITY_LOW, com.pspdfkit.framework.utilities.threading.PriorityScheduler.PRIORITY_BACKGROUND}" />
    </annotation>
  </item>
  <item name="com.pspdfkit.framework.rendering.options.BaseRenderOptions.Builder priority">
    <annotation name="androidx.annotation.IntDef">
      <val name="value" val="{com.pspdfkit.framework.utilities.threading.PriorityScheduler.PRIORITY_HIGHER, com.pspdfkit.framework.utilities.threading.PriorityScheduler.PRIORITY_HIGH, com.pspdfkit.framework.utilities.threading.PriorityScheduler.PRIORITY_NORMAL, com.pspdfkit.framework.utilities.threading.PriorityScheduler.PRIORITY_LOW, com.pspdfkit.framework.utilities.threading.PriorityScheduler.PRIORITY_BACKGROUND}" />
    </annotation>
  </item>
</root>

